{
  "MAE": 608.9185466218775,
  "RMSE": 2061681.0877246798,
  "R2": 0.9043838372032067
}